"Gene","ImmuneCell","Algorithm","rho_ms","rho","any_mismatch","sign_flip"
"LMNB2","Granulocyte-monocyte progenitor","XCELL",0.107,-0.137,TRUE,TRUE
"LMNB2","Macrophage","EPIC",0.014,0.08,TRUE,FALSE
"LMNB2","Macrophage","TIMER",0.024,0.16,TRUE,FALSE
"LMNB2","Macrophage","XCELL",0.014,-0.021,TRUE,TRUE
"LMNB2","Macrophage M0","CIBERSORT",0.249,0.304,TRUE,FALSE
"LMNB2","Macrophage M0","CIBERSORT-ABS",0.291,0.291,FALSE,FALSE
"LMNB2","Macrophage M1","CIBERSORT",0.234,0.239,TRUE,FALSE
"LMNB2","Macrophage M1","CIBERSORT-ABS",0.256,0.227,TRUE,FALSE
"LMNB2","Macrophage M1","QUANTISEQ",0.118,0.169,TRUE,FALSE
"LMNB2","Macrophage M1","XCELL",0.176,0.171,TRUE,FALSE
"LMNB2","Macrophage M2","CIBERSORT",-0.193,0.039,TRUE,TRUE
"LMNB2","Macrophage M2","CIBERSORT-ABS",-0.215,0.051,TRUE,TRUE
"LMNB2","Macrophage M2","QUANTISEQ",-0.23,-0.263,TRUE,FALSE
"LMNB2","Macrophage M2","TIDE",-0.31,-0.31,FALSE,FALSE
"LMNB2","Macrophage M2","XCELL",-0.307,-0.307,FALSE,FALSE
"LMNB2","Macrophage/Monocyte","MCPCOUNTER",0.023,0.208,TRUE,FALSE
"LMNB2","Monocyte","CIBERSORT",-0.054,-0.074,TRUE,FALSE
"LMNB2","Monocyte","CIBERSORT-ABS",-0.041,-0.049,TRUE,FALSE
"LMNB2","Monocyte","MCPCOUNTER",0.023,0.208,TRUE,FALSE
"LMNB2","Monocyte","QUANTISEQ",0.012,0.088,TRUE,FALSE
"LMNB2","Monocyte","XCELL",0.072,-0.057,TRUE,TRUE
"LMNB2","Myeloid dendritic cell","MCPCOUNTER",0.063,-0.261,TRUE,TRUE
"LMNB2","Myeloid dendritic cell","QUANTISEQ",0.024,0.227,TRUE,FALSE
"LMNB2","Myeloid dendritic cell","TIMER",0.124,0.029,TRUE,FALSE
"LMNB2","Myeloid dendritic cell","XCELL",0.137,-0.243,TRUE,TRUE
"LMNB2","Neutrophil","CIBERSORT",0.111,0.072,TRUE,FALSE
"LMNB2","Neutrophil","CIBERSORT-ABS",0.151,0.093,TRUE,FALSE
"LMNB2","Neutrophil","MCPCOUNTER",0.176,-0.152,TRUE,TRUE
"LMNB2","Neutrophil","QUANTISEQ",0.11,0.047,TRUE,FALSE
"LMNB2","Neutrophil","TIMER",0.083,0.257,TRUE,FALSE
"LMNB2","Neutrophil","XCELL",0.218,0.028,TRUE,FALSE
"LMNB2","T cell CD4+","TIMER",-0.091,0.046,TRUE,TRUE
"LMNB2","T cell CD4+ (non-regulatory)","XCELL",0.179,-0.009,TRUE,TRUE
"LMNB2","T cell CD4+ memory activated","CIBERSORT",0.252,0.199,TRUE,FALSE
"LMNB2","T cell CD4+ memory activated","CIBERSORT-ABS",0.232,0.2,TRUE,FALSE
"LMNB2","T cell CD4+ memory resting","CIBERSORT",-0.11,-0.172,TRUE,FALSE
"LMNB2","T cell CD4+ memory resting","CIBERSORT-ABS",-0.046,-0.107,TRUE,FALSE
"LMNB2","T cell CD4+ naive","CIBERSORT",0.014,-0.058,TRUE,TRUE
"LMNB2","T cell CD4+ naive","CIBERSORT-ABS",0.016,-0.058,TRUE,TRUE
"LMNB2","T cell CD4+ naive","XCELL",0.106,-0.094,TRUE,TRUE
"LMNB2","T cell CD4+ Th1","XCELL",0.403,0.403,TRUE,FALSE
"LMNB2","T cell CD4+ Th2","XCELL",0.404,0.404,TRUE,FALSE
"NUP88","B cell","EPIC",-0.225,-0.225,FALSE,FALSE
"NUP88","B cell","MCPCOUNTER",-0.233,-0.233,FALSE,FALSE
"NUP88","B cell","QUANTISEQ",-0.164,-0.164,FALSE,FALSE
"NUP88","B cell","TIMER",-0.177,-0.177,TRUE,FALSE
"NUP88","B cell","XCELL",-0.187,-0.187,FALSE,FALSE
"NUP88","B cell memory","CIBERSORT",-0.178,-0.178,TRUE,FALSE
"NUP88","B cell memory","CIBERSORT-ABS",-0.19,-0.19,FALSE,FALSE
"NUP88","B cell memory","XCELL",-0.133,-0.133,FALSE,FALSE
"NUP88","B cell naive","CIBERSORT",0.157,0.157,FALSE,FALSE
"NUP88","B cell naive","CIBERSORT-ABS",0.123,0.123,FALSE,FALSE
"NUP88","B cell naive","XCELL",0.017,0.017,FALSE,FALSE
"NUP88","B cell plasma","CIBERSORT",0.005,0.005,FALSE,FALSE
"NUP88","B cell plasma","CIBERSORT-ABS",-0.063,-0.063,FALSE,FALSE
"NUP88","B cell plasma","XCELL",-0.146,-0.146,FALSE,FALSE
"NUP88","Class-switched memory B cell","XCELL",-0.209,-0.209,FALSE,FALSE
"NUP88","Granulocyte-monocyte progenitor","XCELL",-0.017,-0.017,FALSE,FALSE
"NUP88","Macrophage","EPIC",-0.194,-0.194,FALSE,FALSE
"NUP88","Macrophage","TIMER",0.029,0.029,FALSE,FALSE
"NUP88","Macrophage","XCELL",-0.183,-0.183,FALSE,FALSE
"NUP88","Macrophage M0","CIBERSORT",-0.182,-0.182,TRUE,FALSE
"NUP88","Macrophage M0","CIBERSORT-ABS",-0.21,-0.21,FALSE,FALSE
"NUP88","Macrophage M1","CIBERSORT",-0.053,-0.053,FALSE,FALSE
"NUP88","Macrophage M1","CIBERSORT-ABS",-0.095,-0.095,FALSE,FALSE
"NUP88","Macrophage M1","QUANTISEQ",-0.069,-0.069,FALSE,FALSE
"NUP88","Macrophage M1","XCELL",-0.208,-0.208,FALSE,FALSE
"NUP88","Macrophage M2","CIBERSORT",0.128,0.128,FALSE,FALSE
"NUP88","Macrophage M2","CIBERSORT-ABS",-0.022,-0.022,FALSE,FALSE
"NUP88","Macrophage M2","QUANTISEQ",-0.175,-0.175,FALSE,FALSE
"NUP88","Macrophage M2","TIDE",0.213,0.213,FALSE,FALSE
"NUP88","Macrophage M2","XCELL",-0.113,-0.113,FALSE,FALSE
"NUP88","Macrophage/Monocyte","MCPCOUNTER",-0.075,-0.075,FALSE,FALSE
"NUP88","Monocyte","CIBERSORT",0.105,0.105,FALSE,FALSE
"NUP88","Monocyte","CIBERSORT-ABS",0.045,0.045,FALSE,FALSE
"NUP88","Monocyte","MCPCOUNTER",-0.075,-0.075,FALSE,FALSE
"NUP88","Monocyte","QUANTISEQ",-0.014,-0.014,FALSE,FALSE
"NUP88","Monocyte","XCELL",-0.118,-0.118,FALSE,FALSE
"NUP88","Myeloid dendritic cell","MCPCOUNTER",-0.095,-0.095,FALSE,FALSE
"NUP88","Myeloid dendritic cell","QUANTISEQ",0.027,0.027,FALSE,FALSE
"NUP88","Myeloid dendritic cell","TIMER",-0.233,-0.233,FALSE,FALSE
"NUP88","Myeloid dendritic cell","XCELL",-0.089,-0.089,FALSE,FALSE
"NUP88","Myeloid dendritic cell activated","CIBERSORT",0.09,0.09,FALSE,FALSE
"NUP88","Myeloid dendritic cell activated","CIBERSORT-ABS",0.077,0.077,FALSE,FALSE
"NUP88","Myeloid dendritic cell activated","XCELL",-0.192,-0.192,FALSE,FALSE
"NUP88","Neutrophil","CIBERSORT",-0.057,0.129,TRUE,TRUE
"NUP88","Neutrophil","CIBERSORT-ABS",-0.027,0.105,TRUE,TRUE
"NUP88","Neutrophil","MCPCOUNTER",-0.105,0.084,TRUE,TRUE
"NUP88","Neutrophil","QUANTISEQ",-0.03,-0.006,TRUE,FALSE
"NUP88","Neutrophil","TIMER",-0.046,-0.077,TRUE,FALSE
"NUP88","Neutrophil","XCELL",-0.078,0.073,TRUE,TRUE
"NUP88","NK cell","EPIC",-0.157,-0.157,TRUE,FALSE
"NUP88","NK cell","MCPCOUNTER",-0.095,-0.095,FALSE,FALSE
"NUP88","NK cell","QUANTISEQ",-0.144,-0.144,TRUE,FALSE
"NUP88","NK cell","XCELL",0.056,0.056,FALSE,FALSE
"NUP88","NK cell activated","CIBERSORT",0.027,0.027,FALSE,FALSE
"NUP88","NK cell activated","CIBERSORT-ABS",-0.049,-0.049,FALSE,FALSE
"NUP88","NK cell resting","CIBERSORT",-0.033,-0.033,FALSE,FALSE
"NUP88","NK cell resting","CIBERSORT-ABS",-0.037,-0.037,FALSE,FALSE
"NUP88","T cell CD4+","TIMER",-0.297,-0.068,TRUE,FALSE
"NUP88","T cell CD4+ (non-regulatory)","XCELL",0.071,-0.007,TRUE,TRUE
"NUP88","T cell CD4+ memory activated","CIBERSORT",0.151,0.107,TRUE,FALSE
"NUP88","T cell CD4+ memory activated","CIBERSORT-ABS",0.147,0.101,TRUE,FALSE
"NUP88","T cell CD4+ memory resting","CIBERSORT",-0.198,0.101,TRUE,TRUE
"NUP88","T cell CD4+ memory resting","CIBERSORT-ABS",-0.149,0.006,TRUE,TRUE
"NUP88","T cell CD4+ naive","CIBERSORT",0.014,0.059,TRUE,FALSE
"NUP88","T cell CD4+ naive","CIBERSORT-ABS",-0.005,0.059,TRUE,TRUE
"NUP88","T cell CD4+ naive","XCELL",-0.083,-0.176,TRUE,FALSE
"NUP88","T cell CD4+ Th1","XCELL",0.169,-0.092,TRUE,TRUE
"NUP88","T cell CD4+ Th2","XCELL",0.342,0.183,TRUE,FALSE
"NUP88","T cell CD8+","CIBERSORT",-0.034,0.03,TRUE,TRUE
"NUP88","T cell CD8+","CIBERSORT-ABS",0.06,-0.048,TRUE,TRUE
"NUP88","T cell CD8+","EPIC",0.115,0.093,TRUE,FALSE
"NUP88","T cell CD8+","MCPCOUNTER",-0.094,-0.051,TRUE,FALSE
"NUP88","T cell CD8+","QUANTISEQ",0.029,-0.075,TRUE,TRUE
"NUP88","T cell CD8+","TIMER",-0.08,-0.083,TRUE,FALSE
"NUP88","T cell CD8+","XCELL",-0.071,-0.13,TRUE,FALSE
"NUP88","T cell CD8+ central memory","XCELL",-0.155,-0.12,TRUE,FALSE
"NUP88","T cell CD8+ effector memory","XCELL",0.03,-0.098,TRUE,TRUE
"NUP88","T cell CD8+ naive","XCELL",0.077,0.036,TRUE,FALSE
"NUP88","T cell NK","XCELL",-0.252,-0.252,FALSE,FALSE
"NUP88","T cell regulatory (Tregs)","CIBERSORT",-0.319,-0.243,TRUE,FALSE
"NUP88","T cell regulatory (Tregs)","CIBERSORT-ABS",-0.252,-0.238,TRUE,FALSE
"NUP88","T cell regulatory (Tregs)","QUANTISEQ",-0.105,-0.186,TRUE,FALSE
"NUP88","T cell regulatory (Tregs)","XCELL",0.054,-0.048,TRUE,TRUE
